emailAddress,commonName,countryName
lydia@hotmail.com,AlyshaSchultz,AL
morain@live.com,Mr.RachelRosenbaum,DZ
mcsporran@msn.com,CordieRuecker,AN
bachmann@icloud.com,MillieSauer,AG
onestab@icloud.com,JaquelineHettinger,AT
magusnet@yahoo.com,FreemanLeannon,AR
mugwump@msn.com,EileenMayer,AR
frostman@msn.com,AbigaleStanton,AU
keutzer@gmail.com,NealSporer,AU
dmath@verizon.net,Dr.HannahGreen,AZ
bhima@yahoo.ca,BlancaProhaska,BH
kudra@me.com,AntonetteKoss,BH
gordonjcp@hotmail.com,DaleBoehm,BG
gboss@mac.com,MadonnaGaylord,BL
lridener@verizon.net,Ms.SiennaBode,BE
kobayasi@yahoo.ca,KarleyVeum,BL
aprakash@sbcglobal.net,MckennaYundtV,BE
psharpe@gmail.com,BradyOberbrunnerJr.,BT
corrada@yahoo.ca,OrlandChristiansen,BO
suresh@yahoo.ca,AdalbertoRussel,BI
kayvonf@comcast.net,StephanKuhic,BW
mugwump@hotmail.com,RalphRussel,BR
frikazoyd@verizon.net,ReeseSwaniawskiMD,BR
stern@me.com,EmmetFunkDDS,BF
jsbach@yahoo.com,Mr.WinifredZemlak,BF
gtaylor@hotmail.com,WendellConroy,BD
odlyzko@icloud.com,LacyO'Connell,CP
salesgeek@yahoo.com,HellenUpton,KH
euice@comcast.net,KiaraHaag,CM
tfinniga@gmail.com,HassieKing,CA
moonlapse@comcast.net,RosemarieBrekke,CA
pkilab@me.com,AveryHerman,TC
wikinerd@comcast.net,EthylJakubowski,CH
duncand@outlook.com,WinnifredMayerDVM,CH
lushe@optonline.net,JeremyHodkiewicz,CO
ozawa@mac.com,TrystanSchuppe,CO
martink@yahoo.ca,WestleyBeierJr.,CO
dieman@hotmail.com,MargaritaAufderhar,CO
stefano@mac.com,EzequielStracke,CR
kiddailey@yahoo.ca,AuroreGutkowskiMD,HR
brainless@msn.com,OswaldoKlein,CU
jmmuller@me.com,FerneZieme,CY
jespley@yahoo.ca,CassieWisoky,CZ
crusader@icloud.com,WilhelmBlanda,CI
crowl@comcast.net,Dr.FabianTorp,PR
ivoibs@icloud.com,HermanKshlerinJr.,CO
gommix@att.net,MuhammadSporer,DN
karasik@msn.com,Dr.JakobBlick,DJ
research@me.com,TimmothyWehnerII,DM
jusdisgi@outlook.com,RosaGaylord,DO
ivoibs@comcast.net,MargeKilback,EC
tbeck@yahoo.ca,SammieLeschDVM,EG
bryanw@optonline.net,MadisenBernhard,SL
staikos@hotmail.com,HesterHermann,GN
skaufman@msn.com,DorthyRenner,ER
dimensio@hotmail.com,HildegardTromp,ES
gerlo@att.net,AmelieHintz,SW
boser@msn.com,LuigiRogahn,ET
tromey@mac.com,EleazarJerde,FR
godeke@comcast.net,Mr.KylerLowe,FJ
jyoliver@mac.com,MarleyBeatty,FR
jshearer@mac.com,BraulioEffertz,FI
thaljef@att.net,FredrickUpton,GA
notaprguy@gmail.com,TitusConsidine,GM
drjlaw@yahoo.com,MurlRoberts,GE
hedwig@me.com,Dr.PriceKshlerin,DE
arachne@msn.com,EduardoLarkin,CP
kronvold@comcast.net,AbdielAnderson,KH
jginspace@msn.com,EthaSteuber,CM
grolschie@me.com,EdythKiehn,CA
dprice@gmail.com,JasperJaskolski,CA
boein@comcast.net,AntoneKilback,TC
boein@aol.com,PearlineWyman,CH
tskirvin@icloud.com,CassandreBrakus,CH
ajohnson@aol.com,PhoebeRoob,CO
mwilson@att.net,AldaSmithamIII,CO
doormat@optonline.net,Dr.MervinSchoen,CO
ovprit@gmail.com,Mr.MonserrateWeimann,CO
zwood@gmail.com,LorenaKiehnI,CR
rfisher@yahoo.ca,MargaritaLesch,HR
bmidd@verizon.net,MichaelaWaters,AN
jfriedl@sbcglobal.net,CoralieSporer,AG
sakusha@me.com,LennySwift,AT
quantaman@hotmail.com,DaphneBlock,AR
naoya@msn.com,BertaKuphal,AR
jeteve@hotmail.com,RomanRobel,AU
speeves@hotmail.com,RooseveltHaley,AU
slaff@yahoo.com,KevenSipes,AZ
jschauma@mac.com,FlorenceKiehn,BH
reeds@verizon.net,MabelleBednar,BH
fbriere@yahoo.com,BraulioConnelly,BG
hermes@comcast.net,CobyCummerataI,BL
wilsonpm@live.com,FloridaFrami,BE
sinclair@sbcglobal.net,EzekielShields,BL
ajlitt@icloud.com,KaraHackettIII,BE
skajan@sbcglobal.net,LenoreBlandaJr.,BT
chronos@optonline.net,Dr.BenedictDaugherty,BO
choset@msn.com,BethanyCrona,BI
cfhsoft@hotmail.com,Mr.WestleyDoyle,CR
juerd@live.com,EthelHaag,HR